banco,ACTIVO,Efectivo y Equivalentes de Efectivo,Cuentas de Margen (Instrumentos Financieros Derivados),Inversiones en Instrumentos Financieros,Instrumentos Financieros Negociables,Instrumentos Financieros para Cobrar o Vender,Instrumentos Financieros para Cobrar Principal e Interés (valores)(neto),Deudores por Reporto,Préstamo de Valores,Instrumentos Financieros Derivados,Con Fines de Negociación,Con Fines de Cobertura,Ajustes de Valuación por Cobertura de Activos Financieros,Cartera de Crédito con Riesgo de Crédito Etapa 1,Créditos Comerciales,Créditos de Consumo,Créditos a la Vivienda,Cartera de Crédito con Riesgo de Crédito Etapa 2,Créditos Comerciales,Créditos de Consumo,Créditos a la Vivienda,Cartera de Crédito con Riesgo de Crédito Etapa 3,Créditos Comerciales,Créditos de Consumo,Créditos a la Vivienda,Cartera de Crédito Valuada a Valor Razonable,Cartera de Crédito,Partidas Diferidas (2),Estimación Preventiva para Riesgos Crediticios,Cartera de Crédito (neto),Derechos de Cobro Adquiridos (neto),Total de Cartera de Crédito (neto),Beneficios por Recibir en Operaciones de Bursatilización,Otras Cuentas por Cobrar (neto),Bienes Adjudicados (neto),Activos de Larga Duración Mantenidos para la Venta o para Distribuir a los Propietarios,Pagos Anticipados y Otros Activos,"Propiedades, Mobiliario y Equipo (neto)","Activos por Derechos de Uso de Propiedades, Mobiliario y Equipo (neto)",Inversiones Permanentes,Activo por Impuestos a la Utilidad Diferidos,Activos Intangibles (neto),Activos por Derechos de Uso de Activos Intangibles (neto),Crédito Mercantil,PASIVO,Captación Tradicional,Depósitos de Exigibilidad Inmediata,Depósitos a Plazo,Del Público en General,Mercado de Dinero,Títulos de Crédito Emitidos,Cuenta Global de Captación sin Movimientos,Préstamos Interbancarios y de Otros Organismos,Valores Asignados por Liquidar,Acreedores por Reporto,Préstamo de Valores,Colaterales Vendidos o Dados en Garantía,Instrumentos Financieros Derivados,Con Fines de Negociación,Con fines de Cobertura,Ajustes de Valuación por Cobertura de Pasivos Financieros,Obligaciones en Operaciones de Bursatilización,Pasivo por Arrendamiento,Otras Cuentas por Pagar,Pasivos Relacionados con Grupos de Activos Mantenidos para la Venta,Instrumentos Financieros que Califican como Pasivo,Obligaciones Subordinadas en Circulación,Aportaciones para Futuros Aumentos de Capital Pendientes de Formalizar por su Órgano de Gobierno,Otros,"Obligaciones Asociadas con el Retiro de Componentes de Propiedades, Mobiliario y Equipo",Pasivo por Impuestos a la Utilidad,Pasivo por Beneficios a los Empleados,Créditos Diferidos y Cobros Anticipados,CAPITAL CONTABLE,Capital Contribuido,Capital Social,Capital Social No Exhibido,Aportaciones para Futuros Aumentos de Capital Formalizadas por su Órgano de Gobierno,Prima en Venta de Acciones,Instrumentos Financieros que Califican como Capital,Capital Ganado,Reservas de Capital,Resultados Acumulados,Otros Resultados Integrales,Valuación de Instrumentos Financieros para Cobrar o Vender,Valuación de Instrumentos Financieros Derivados de Cobertura de Flujos de Efectivo,Ingresos y Gastos Relacionados con Activos Mantenidos para su Disposición,Remedición de Beneficios Definidos a los Empleados,Efecto Acumulado por Conversión,Resultado por tenencia de activos no monetarios,Participación en ORI de Otras Entidades,Participación No Controladora,CUENTAS DE ORDEN,Avales Otorgados,Activos y Pasivos Contingentes,Compromisos Crediticios,Bienes en Fideicomiso o Mandato,Bienes en Custodia o en Administración,Colaterales Recibidos por la Entidad,Colaterales Recibidos y Vendidos o Entregados en Garantía por la Entidad,Intereses Devengados no Cobrados Derivados de Cartera de Crédito con Riesgo de Crédito Etapa 3,Otras Cuentas de Registro,Estado de Resultado Integral,Ingresos por Intereses,Intereses de Efectivo y Equivalentes de Efectivo,Intereses y Rendimientos a Favor Provenientes de Cuentas de Margen,Intereses y Rendimientos a Favor Provenientes de Colaterales en Operaciones OTC,Intereses y Rendimientos a Favor Provenientes de Inversiones en Instrumentos Financieros,Intereses y Rendimientos a Favor en Operaciones de Reporto,Ingresos Provenientes de Operaciones de Cobertura,Ingresos Provenientes de Instrumentos Financieros Derivados de Negociación,Intereses de Cartera de Crédito con Riesgo de Crédito Etapa 1,Intereses de Cartera de Crédito con Riesgo de Crédito Etapa 2,Intereses de Cartera de Crédito con Riesgo de Crédito Etapa 3,Ingresos por Cartera de Crédito Valuada a Valor Razonable,Intereses por Derechos de Cobro Adquiridos (créditos deteriorados),Comisiones por el Otorgamiento del Crédito,Efecto por Renegociación de Cartera de Crédito,Premios a Favor en Operaciones de Préstamo de Valores,Primas por Colocación de Deuda,Dividendos de Instrumentos Financieros que Califican como Instrumentos Financieros de Capital,Utilidad por Valorización,Incremento por Actualización de Ingresos por Intereses (1),Gastos por Intereses,Intereses por Depósitos de Exigibilidad Inmediata,Intereses por Depósitos a Plazo,Intereses por Préstamos Interbancarios y de Otros Organismos,"Intereses, Costos de Transacción y Descuentos a Cargo por Emisión de Instrumentos Financieros que Califican como Pasivo",Intereses y Rendimientos a Cargo Provenientes de Colaterales en Operaciones OTC,Premios Pagados por la Redención Anticipada de Instrumentos Financieros que Califican como Pasivo,Intereses y Rendimientos a Cargo en Operaciones de Reporto,Gastos Provenientes de Operaciones de Cobertura,Gastos Provenientes de Instrumentos Financieros Derivados de Negociación,Premios a Cargo en Operaciones de Préstamo de Valores,Efecto por Renegociación de Cartera de Crédito,Costos y Gastos Asociados con el Otorgamiento del Crédito,Pérdida por Valorización,Intereses a Cargo Asociados con la Cuenta Global de Captación sin Movimientos,Intereses Sobre Pasivos por Arrendamiento,Efecto Financiero de Provisiones,Incremento por Actualización de Gastos por Intereses (1),Resultado por Posición Monetaria Neto (margen financiero),Margen Financiero  ,Estimación Preventiva para Riesgos Crediticios,Margen Financiero Ajustado por Riesgos Crediticios,Comisiones y Tarifas Cobradas,Comisiones y Tarifas Pagadas,Resultado por Intermediación,Otros Ingresos (egresos) de la Operación,Gastos de Administración y Promoción,Resultado de la Operación,Participación en el Resultado Neto de Otras Entidades,Resultado Antes de Impuestos a la Utilidad ,Impuestos a la Utilidad,Resultado de Operaciones Continuas ,Operaciones Discontinuadas,Resultado Neto,Otros Resultados Integrales,Participación en ORI de Otras Entidades,Resultado Integral,"(1) Estos conceptos serán aplicables bajo un entorno económico inflacionario con base en lo establecido en la Norma de información financiera B-10 “Efectos de la inflación”, emitida por el Consejo Mexicano de Normas de Información Financiera, A.C. (CINIF).","(2) El saldo del concepto deberá integrarse de acuerdo a las normas de presentación establecidas en el criterio D-1 ""Estado de situación financiera""."
BBVA México,3547437.58318212,214317.19188678,9994.96945398,681429.76718989,292370.27787888,244492.41355548002,144567.07575553,109828.99224299,0,178448.41184726002,173373.75006807002,5074.66177919,-881.84747859,2057096.7498273,1135290.3175673601,541547.1810976,380259.25116234005,42852.889129669995,11810.24008797,15307.534040190001,15735.115001510001,33446.58831715,8348.208937180001,16080.37931012,9018.00006985,12900.65734084,2146296.88461496,-631.5232407000001,-68407.5937482,2077257.7676260602,0,2077257.7676260602,1e-08,176843.33215319001,1906.82106297,0,4529.204693729999,38564.56241552,4623.5075509,2934.17091073,39637.229742129995,7851.70117632,151.80070825,0,3142066.40620196,2234876.13015604,1699957.22492097,351740.88652258,336644.14793789,15096.73858469,175556.39262163002,7621.62609086,17649.69138879,0,189288.70642648,4.29276242,153851.63406016,232603.19311956,225407.16531942002,7196.02780014,-1189.97184066,0,5244.5450005699995,203625.93832692,0,84223.81837883999,84223.81837883999,0,0,0,6958.10040104,7758.7909545,7171.5370673,405371.17698016,40002.839900980005,24895.242926900002,-752.1919566,0,15859.78893068,0,365368.33707918,6900.5593515,374044.83062613,-15577.052898450002,-240.03230109,-5.1e-07,0,-15506.54608654,0,0,0,0,11608298.49667231,0,254.65131630000002,1116289.23663015,838248.6585418199,4084038.0085494304,226938.32529982002,157973.31147075,3764.89844868,5180791.40641536,0,87056.94669100999,2411.98525548,13.560716730000001,0,11973.777291639999,2311.1381348200002,1427.5749881099998,0,64593.26810711,2404.39271438,314.44448127,110.12280991,0,785.0071562200001,435.46982742,0.09951842999999999,0,13.52362226,262.58206723,0,24795.43792388,5695.22353466,4997.41420623,337.31329125,4467.86399739,45.333147950000004,0,6642.71989339,346.25947571,0,63.244680009999996,639.97153901,865.4838704299999,500.63307951999997,61.96744501,103.35225229000001,28.657511030000002,0,0,62261.50876713,21302.79886875,40958.709898379995,23615.69546748,11001.986273350001,5233.12218426,276.54524582,26179.6652618,32902.421260790004,389.79538828,33292.21664907,9739.44550615,23552.77114292,0,23552.77114292,-1459.0224691600001,0,22093.748673759997,,
Santander,2125492.603601,101547.984179,1194.982652,676902.108244,350631.070488,127813.348782,198457.688974,122596.22315,0,54578.554394,51342.578786,3235.975608,7.869169,907117.002283,467707.89851,204137.555973,235271.5478,48689.37023,21145.986221,8978.530679,18564.85333,21645.519047,7149.205655,5871.842734,8624.470658,8994.455873,986446.347433,5220.689596,-30785.099014,960881.938015,0,960881.938015,89.925693,132601.433428,1403.351699,0,6484.891862,15148.9287,5532.60888,6339.125753,25683.736982,12763.711576,0,1735.229225,1953171.075267,1082661.14789,667262.166189,342581.815692,285191.969113,57389.846579,69863.597065,2953.568944,47974.017207,0,307103.785929,1.21982,179097.606228,48565.06543,43942.351382,4622.714048,0.343736,0,6471.827391,195065.975998,0,73788.583648,73788.583648,0,0,0,0,12388.690773,52.811217,172321.528334,34702.315286,36624.43749,-6825.447481,0,4903.325277,0,137619.213048,35796.540398,104088.580886,-2265.908236,34.904734,950.848968,0,-3323.233718,9.350027,0,0,0,4798283.71445,0,56.692141,438183.115408,197988.763979,1416808.730288,181879.338502,112069.249084,1236.886831,2450060.938217,0,46469.271152,892.100658,227.973721,0,11725.461382,3184.249766,21.860701,0,29432.627705,461.492737,60.34663,0,0,161.985689,0,0,0,11.748886,289.423277,0,22285.511134,3203.422051,5132.484739,951.246681,3448.289514,82.427157,0,7825.364313,480.6299,0,658.844806,0,302.524606,0,24.766045,175.511322,0,0,0,24183.760018,6529.323724,17654.436294,9166.973405,2353.446922,1330.325317,752.500284,12694.776421,13856.011957,565.750681,14421.762638,4457.609512,9964.153126,0,9964.153126,-5.309435,0,9958.843691,,
Banorte,1983244.9824446398,88190.14949417,4545.44959639,503732.79694458004,174658.43757164,214144.35145051,114930.00792243,57911.09001231,0,19381.02916704,16601.61826444,2779.4109026,0,1183384.86169199,649635.09350064,244171.49611791,289578.27207344,12155.96471172,3710.74787024,3850.32605565,4594.89078583,17571.738215330002,8549.70776596,5285.19444315,3736.83600622,0,1213112.5646190401,4419.12846042,-24433.93385818,1193097.75922128,757.54695929,1193855.30618057,3737.0853335799998,53908.9827221,4514.63369359,478.79377363,5323.13572328,27913.916471279997,4187.06912602,5225.40086273,492.09455210000004,8843.368320959999,0,1004.6804703099999,1821182.98782463,1259006.7607913502,823297.2873639,393697.67640193,387393.53753572,6304.13886621,37417.64869009,4594.14833543,7836.83533975,0,322808.9325807,0,57911.07737841,9888.96732356,9843.73958274,45.22774082,0,0,4558.181434149999,70374.80938695,0,74672.69907783999,74672.69907783999,0,0,0,2812.4280495300004,10316.79104261,995.50541978,162061.99462001002,19647.433114389998,18794.63148145,0,0,852.80163294,0,142414.56150562,18959.170777500003,127521.55158755,-4066.1608594299996,-1000.5527299900001,742.98965479,0,-3767.35243417,-41.24535006,0,0,0,2642151.3356534103,0,18.846229,620426.2456713599,375220.80122846004,806259.1509873001,237685.02822536998,57917.518092410006,678.1230030700001,543945.62221644,0,76727.74899556,974.32135164,-12.53943966,43.96087204,7793.88391228,1168.5043241600001,1216.09244907,29032.258533990003,34998.41208068,521.05761275,79.30653595,0,0,495.86698526,152.90282306999998,0,0,70.65241682999999,193.0685375,0,45982.09635569,3290.2477536300003,5378.6055685500005,150.45217186000002,654.64790153,121.71921999,0,6187.772968560001,806.35122626,28101.91515404,0,140.73653695,990.14076932,0,52.855050420000005,106.65203457999999,0,0,0,30745.65263987,6709.894212560001,24035.75842731,10035.85801973,3996.08540083,531.0369374100001,95.84550218999999,13525.841716280001,17176.57176953,95.3004719,17271.87224143,4977.118425449999,12294.753815979999,-129.18226091,12165.571555069999,-1205.57945327,0,10959.992101799999,,
Banamex,1107994.70770136,109725.80504030999,165.49157055,317164.47332513,75873.82200401,213538.81576445999,27751.83555666,33000.88203173,0,4105.3275503899995,4099.40863945,5.918910940000001,0,506019.8864009,177801.12701932,250091.45707183,78127.30230975,7055.00341719,296.20244775,6021.9487681400005,736.8522012999999,16095.1916786,4621.1424025100005,9306.141212,2167.90806409,0,529170.08149669,451.35754427999996,-28485.103328970003,501136.335712,0,501136.335712,0,35319.329174620005,77.31089947,0,17025.13180597,11389.41596449,7057.45899596,11020.91784705,34951.551281529995,25855.27650216,0,0,921282.45958851,785884.98134225,555318.1843605799,221563.06609517,130334.41427005001,91228.65182511999,0,9003.7308865,869.62692797,0,41404.17863321,0,0,2129.00714648,2128.9807168800003,0.026429599999999998,0,0,7554.064553689999,51987.50389701,0,16000,16000,0,0,0,447.23506726,10532.84243666,4473.01958398,186712.24811285,29894.225296580003,28066.14180068,0,0,1828.0834959000001,0,156818.02281626998,17079.040229,156879.24574928,-17140.26316201,2432.9241040700003,4.09542743,0,-19577.28269351,0,0,0,0,2612598.354243,0,733.392804,531305.484586,339782.458377,1270250.923339,33046.73203,0,1033.825048,436445.538059,0,33589.579089419996,981.0583070399999,1.10358807,4.08089663,6823.065642590001,390.20057492,0,0,19578.54792687,782.76114162,293.53371164,0,0,201.8352711,33.23442351,0,0,0,4500.15760543,0,10395.84409161,1152.69557417,2626.41908431,228.94974666,1.923e-05,24.460182879999998,0,1310.4849215499999,0,0,0,17.73536627,431.4801456,4326.62652192,102.75367021,174.23885881,0,0,0,23193.734997810003,6972.92261031,16220.8123875,9760.684607860001,429.25419035000004,843.81803444,2439.91429529,19467.33428256,9368.64085218,324.59566507,9693.23651725,2810.1627170300003,6883.0738002200005,0,6883.0738002200005,-700.03949748,0,6183.0343027399995,,
Scotiabank,899327.790144,37031.410218,1081.621593,193545.071913,82894.275865,108426.756739,2224.039309,6310.796671,0,63420.257536,49836.144965,13584.112571,-1.180532,508163.033844,214081.815839,56358.411713,237722.806292,6641.750836,1147.511222,1510.524404,3983.71521,22000.793056,5189.796076,1704.087181,15106.909799,0,536805.577736,4373.41694,-15430.635036,525748.35964,0,525748.35964,0,46768.489939,1102.622034,7.054099,3035.87025,2675.012225,1110.642756,5356.981909,7521.370513,4613.40938,0,0,802644.83967,524094.288276,286110.263445,197255.060851,167505.704115,29749.356736,38969.136862,1759.827118,46084.472102,23186.035836,76612.014452,0.042974,3284.927664,62956.648108,49655.153956,13301.494152,0,0,1317.139059,41488.542688,0,12408,12408,0,0,0,1503.880067,8064.994796,1643.853648,96682.950474,13468.335561,10670.965802,0,0,2797.3697589999997,0,83214.614913,10670.965802,73329.948219,-797.521952,129.40422,-210.631301,0,-716.294871,0,0,11.222844,0,5018132.573661,0,0,353430.085014,532760.534718,90175.058965,28092.659391,3284.927664,2596.972654,4007792.335255,0,17685.266785,636.72514,42.86149,51.166163,3143.687172,68.976361,0,0,13327.951137,183.342419,99.608055,0,0,130.948848,0,0,0,0,0,0,9547.946571,2627.592586,3594.045903,716.306328,849.604832,10.525593,0,1293.386969,0,0,1.08836,0,408.060509,0,20.322067,27.013424,0,0,0,8137.320214,1242.046924,6895.27329,1404.971677,87.303517,542.543801,2010.927156,5114.359878,5652.052529,199.306678,5851.359207,1436.419505,4414.939702,0,4414.939702,112.693615,-0.000994,4527.632323,,
HSBC,858962.917315,82635.628477,335.94198,210747.446507,65672.490905,92021.119018,53053.836584,29505.69532,0,13525.738582,13513.915779,11.822803,0,433180.367909,211367.060303,81770.317574,140042.990032,5919.537191,785.79961,2771.242519,2362.495062,14344.126093,6809.705612,2918.286851,4616.13363,3691.195462,457135.226655,0,-16967.935858,440167.290797,0,440167.290797,0,48467.921175,357.398497,0,5918.458833,5187.928484,2660.082307,5040.095314,7214.000723,7199.290319,0,0,769527.91976,533455.112684,363546.350669,148118.399803,148118.399803,0,18985.184236,2805.177976,6771.779319,0,79804.905567,0.055551,25062.840377,13896.035548,13893.252478,2.78307,0,0,2679.778736,56683.726895,0,41657.991095,41657.991095,0,0,0,1465.90696,6203.776329,1846.010699,89434.997555,38318.523168,6132.238861,0,0,32186.284306999998,0,51116.474387,15990.310968,38214.920509,-3088.75709,889.749259,-146.815508,0,-3831.690841,0,0,0,0,2458611.269093,0,0,441494.246557,306612.665386,473415.638578,37241.368423,26376.725086,734.845609,1172735.779454,0,19711.044181,647.916174,0,0,4089.857498,422.038932,45.728749,0,13762.961662,223.860755,150.005875,65.098948,0,297.158455,0,0,0,0,6.417133,0,7792.221791,2067.422778,2110.875391,150.539109,1285.9571,0,0,1770.153136,5.249784,0,0,0,261.055611,0,26.681813,114.287069,0,0,0,11918.82239,2264.284951,9654.537439,3308.841109,756.35868,374.633718,1113.059554,9130.897317,4563.815823,182.384068,4746.199891,1117.522715,3628.677176,0,3628.677176,-429.571955,0,3199.105221,,
Inbursa,708685.242899,57120.578381,3614.247417,85082.904167,85082.904167,0,0,7999.99981,0,8614.052799,3928.92791,4685.124889,1154.202977,474945.563521,372610.221267,98891.736091,3443.606163,5432.877043,3254.115829,2045.025058,133.736156,6811.039871,4587.744183,1684.434195,538.861493,0,487189.480435,1384.503158,-11599.984011,476973.999582,0,476973.999582,0,12200.711644,749.496181,0,3211.36245,2852.376675,622.520099,39098.467381,4147.83856,40.378828,0,5202.105948,494472.149761,443192.671589,360946.408359,58121.630587,58121.630587,0,23749.897417,374.735226,18853.67159,0,2219.09027,0,0,13464.448773,6563.84509,6900.603683,0,0,658.61043,8586.274282,0,0,0,0,0,0,3119.984516,3009.5129,1367.885411,214213.093138,35264.289098,33235.251418,-9000,0,11029.03768,0,177158.951934,22858.264337,153878.917361,421.770236,0,-1879.309707,0,-248.686588,78.807197,2470.959334,0,1789.852106,3625115.604961,0,8500.743421,138589.832488,1185434.213087,388830.304254,7992.552548,0,4477.306165,1891290.652998,0,22856.411421,1389.705251,37.918291,79.196708,1392.139375,108.528417,3854.696326,2732.00976,12412.038415,188.345829,44.262388,0,0,245.226472,0,0,0,0,372.344189,0,13436.26158,5605.440363,983.720735,380.303288,380.836623,35.89911,0,69.088848,3204.064492,2059.002957,0,358.065191,9.125758,345.165406,2.209389,3.33942,0,0,0,9420.149841,2230.402965,7189.746876,2029.075552,533.501506,742.862702,-414.63102,2726.015259,6287.537345,254.085313,6541.622658,1594.803792,4946.818866,0,4946.818866,1569.302399,0,6516.121265,,
Citi México,626671.24224423,84389.87417719999,3169.2426445700003,265244.59957528,97053.8982426,163935.55504257002,4255.14629011,0,0,70612.00393441001,70269.74111697,342.26281744,0,154003.7380756,154003.7380756,0,0,267.21658223,267.21658223,0,0,2260.5389593200002,2260.5389593200002,0,0,0,156531.49361715,-122.04057327,-3757.80173695,152651.65130693,0,152651.65130693,0,43077.320507489996,0,0,512.31654493,1479.5520806700001,807.04326475,0,2561.0016899400002,2166.63651806,0,0,544894.79780016,331731.51762301003,253723.73591829,66788.03273875,0,66788.03273875,11169.954496549999,49.79446942,37780.76839834,0,57337.26501464,0,12071.41924126,61154.69451071,61115.51117001,39.1833407,0,0,874.427881,40758.075479440005,0,0,0,0,0,0,1263.6496559000002,1455.2340251300002,467.74597073,81776.44444407,12670.98573736,10896.691720300001,0,1035.828,738.46601706,0,69105.45870671001,6996.13012291,61129.85082128,979.4777625199999,1595.0676549300001,0,0,-615.58989241,0,0,0,0,16885200.425681,0,63135.024036,356716.027,1223663.399771,14178402.609085,16883.087867,12071.419241,39.61239,1034289.246291,0,10473.49736884,921.58655514,25.523621239999997,121.71129419,4744.11130134,400.23378743,0,0,2781.3866070900003,0.009670370000000001,13.14817302,0,0,105.63661871,0,0,0,102.114959,1258.03478131,0,4974.577317439999,1741.43929319,1217.74940834,428.23902366000004,193.80072907,90.04007017,0,871.46023147,0,0,372.98905995,0,42.28233394,0,0.55553647,16.02163118,0,0,0,5498.9200513999995,-413.07654985000005,5911.99660125,1053.95304709,261.60551358000004,505.07529961,-517.6804184,2667.7301901700002,4024.0088258,0,4024.0088258,1755.3050209100002,2268.70380489,0,2268.70380489,-835.77339978,0,1432.9304051099998,,
Banco del Bajío,405366.60449605,28977.75618546,0,39017.0660449,23603.678574,0,15413.3874709,36512.02067351,0,162.25275839,162.25275839,0,0,277505.25325729,267236.81821926,7445.08312166,2823.35191637,4504.94817376,3980.9458472600004,228.60705529,295.39527121,4429.38225628,4052.0745327600002,181.82819512999998,195.47952838999998,0,286439.58368733,-1376.15537028,-5392.497901770001,279670.93041528005,0,279670.93041528005,0,3486.43198437,1585.65718705,86.20431365,4637.26930553,3581.3002268299997,2605.27275605,849.28886502,3525.1807403400003,570.33549791,0,99.63754176,355526.12319187,282917.89665616996,138720.21416391002,143991.61655160002,86055.4019055,57936.2146461,0,206.06594066,51855.27532389,0,8237.37829325,0,0,149.67625753000002,149.67625753000002,0,0,0,2839.71927615,4440.94566958,0,0,0,0,0,0,398.16687893,4577.12868563,109.93615073999999,49840.48130418,13808.3241729,2989.00570393,0,0,10819.318468970001,0,36032.14770438,6758.96249625,29524.44637521,-251.26116708,0,14.74121884,0,-266.00238592,0,0,0,0.0094269,476753.44338787,0,5661.744400680001,101982.83882996,230030.29959618,68916.92702207001,36575.8609959,0,451.59595163,33134.17659145,0,9056.17865283,168.1993861,108.88831938,0,814.7870176499999,559.5377615499999,2.1847780699999997,1.99041098,6961.0360151899995,112.71873353,31.975510940000003,0,0,294.86071944,0,0,0,0,0,0,3920.5890084400003,856.49231812,2029.0952411300002,852.11958925,0.06902052,0,0,114.1384335,0.28656595,0,0,0,0,4.713694070000001,2.42072147,61.25342443,0,0,0,5135.58964439,393.58414763,4742.00549676,1349.33119723,579.8058925700001,222.51654127,-345.73510348,2550.9723365,2837.33990271,1.96445454,2839.30435725,797.75689938,2041.5474578699998,0,2041.5474578699998,-1.2338378700000001,0,2040.31362,,
Banco Azteca,350142.57297490997,33267.79014467,1003.93818736,92133.90185292,92133.90185292,0,0,0,111.10937532,1443.19804607,230.15997966,1213.03806641,0,186368.31499494,61252.44531364,124578.71898278,537.15069852,9942.464960700001,630.6716361,9306.58135884,5.21196576,11959.11937333,1641.1772089400001,10265.06811984,52.874044549999994,0,208269.89932897,0,-24992.07827132,183277.82105765,0,183277.82105765,0,5359.19506869,215.03427291999998,0,17173.04375117,11932.052304129998,3744.30019869,311.81667693,169.37203838999997,0,0,0,299770.75821711,240361.2268855,188253.30864935002,52107.91823615,52107.91823615,0,0,0,0,0,39162.17203418,0,0,604.00797641,204.12219643,399.88577998,144.7653923,0,4560.5239573,13816.52633381,0,0,0,0,0,0,0,949.31286198,172.22277563,50371.814757800006,22836.327433330003,22181.23743333,0,0,655.09,0,27535.487324470003,4049.81037745,23467.819980020002,17.856967,0,0,0,17.856967,0,0,0,0,891693.68699287,0,3.030863,26152.7575044,305166.1104358,358143.62770248,22935.13218469,0,1522.51767045,177770.51063205,0,27767.983097400003,213.26847042,16.51870453,0,1409.1539563800002,42.728688090000006,557.53055412,0,23534.420093689998,834.44302008,996.5820965,0,0,107.55568840000001,0,55.78182519,0,0,0,0,2730.3910125700004,750.71296395,870.17880592,24.45551668,0,0,0,630.8416684700001,319.60600544,0,0,0,0,0,0,134.59605211000002,0,0,0,25037.59208483,5981.8506831,19055.74140173,1457.80682796,1127.24098692,719.76710432,316.41959651999997,17899.79966441,2522.6942792,5.78824218,2528.48252138,722.40566615,1806.07685523,0,1806.07685523,0,0,1806.07685523,,
Afirme,293661.391293,7544.502415,212.185715,153480.468094,153368.056046,0,112.412048,52041.998955,0,73.990955,0.052216,73.938739,9.331652,65881.35018,39820.554421,12758.855644,13301.940115,1668.61201,295.774404,609.315866,763.52174,1803.229181,813.97863,358.836386,630.414165,0,69353.191371,44.139289,-2258.456345,67138.874315,0,67138.874315,0,3301.09483,344.108628,0,1421.016122,5590.729987,1535.598777,319.583318,647.90753,0,0,0,284388.930629,87737.074623,45562.101741,41919.765973,41919.765973,0,0,255.206909,2914.937827,0,131598.863299,0,52041.99903,120.763152,6.479879,114.283273,0,0,1641.325653,3939.238491,0,3956.380701,3956.380701,0,0,0,165.409834,115.745049,157.19297,9272.460664,4362.115462,4298.649112,0,63.46635,0,0,4910.21926,604.768469,4332.834275,-27.383484,0,-14.307545,0,-13.075939,0,0,0,0.125942,776708.957467,1084.475928,0,15975.887505,67258.131315,399235.342231,52041.351428,52041.351428,160.935579,188911.482053,0,6583.997174,87.572655,0,0,3555.438324,537.103597,0,1.39775,2244.845561,111.922769,0.134349,0,0,45.582169,0,0,0,0,0,0,4836.913906,222.105066,672.070751,59.359642,102.31635,0,0,3641.669545,29.278818,27.446408,0,0,48.100049,0,0,34.567277,0,0,0,1747.083268,441.427556,1305.655712,1322.233747,589.452957,31.81521,21.876975,1676.622035,415.506652,30.106377,445.613029,150.746657,294.866372,0,294.866372,84.888647,0,379.755019,,
Monex,278553.82777321996,69059.24782438,958.81382515,92858.35634532,91069.71333258,0,1788.64301274,19538.07417698,0,6063.2420185,6060.64542861,2.59658989,0,63973.22976119,63973.22976119,0,0,202.27921716999998,202.27921716999998,0,0,457.52528948,457.52528948,0,0,0,64633.03426784,0,-779.29864187,63853.73562597,0,63853.73562597,0,23855.713592490003,363.45593808,0,486.20024241000004,38.21065006,469.08048627,68.33660357,843.92129065,97.43915339,0,0,260100.20875110998,92880.55947604,40566.26460613,50436.69555846,31109.406447880003,19327.28911058,1874.13233199,3.46697946,1790.62055025,0,88367.43323698,0,19528.57346118,5402.38591604,5402.38591604,0,2.58659057,0,500.07034537,47910.09232193,0,0,0,0,0,0,191.92964451,1884.98559892,1640.97160932,18453.61902211,3240.473,3240.473,0,0,0,0,15213.14602211,1961.25533122,13405.92279629,-154.0321054,1e-08,1e-08,0,-154.03210542,0,0,0,0,1501823.10972297,0,0,39724.793074739995,367426.90621384,21020.935369349998,21155.19497272,21155.1949728,164.78990847999998,1031175.2952110401,0,3728.3966250500002,425.62383006,0,0,1626.9460340599999,385.78294761,0,0,1257.16417648,14.424579,0.60470026,0,0,12.643656179999999,0,0,0,0,5.2067014,0,2692.26967534,8.72816826,675.88421482,32.75866714,70.59787890999999,0,0,1897.95210363,0,0,0,0,0,0,0.026246830000000002,6.32239575,0,0,0,1036.12694971,43.31840929,992.80854042,166.94585475,75.53038572,2091.53857061,-70.23648279000001,2105.88152939,999.64456788,0,999.64456788,291.11809567,708.5264722100001,0,708.5264722100001,-6.18774704,0,702.33872517,,
Banregio,274531.30325652,14516.083691290001,0,58388.63051698,3311.5984558600003,54029.79680112,1047.23526,0,0,435.60507429,413.02432129000005,22.580753,0,181945.23715923002,156520.77576882002,8209.09239378,17215.36899663,2661.29395242,1899.5365631,200.39369900999998,561.3636903099999,2394.1290824899997,2012.40638641,176.10870863,205.61398745,0,187000.66019414001,478.00968969999997,-3295.52337932,184183.14650452,34.52810285,184217.67460737,0,3878.17526842,2180.09492195,0,475.09838269,1409.17711685,2891.53857628,1581.61490184,1522.41832706,2997.2216352600003,0,37.970236240000006,240830.24582252,192528.94715795998,79722.98617291001,106872.96999225,103756.26859767,3116.70139458,5878.30503305,54.68595975,3734.87236278,0,30641.65871457,0,0,348.25280562,348.2226122,0.03019342,0,0,3033.82383027,9114.5064759,0,0,0,0,0,0,243.19377776,953.22818709,231.76251057,33701.057434,5897.11284564,7502.68204822,-1610.6401297999998,0,5.07092722,0,27803.94365936,26423.81243835,1432.81816149,-52.68694048,13.631815849999999,9.13885835,0,-75.45761468,0,0,0,0.000929,506239.96259494,0,0,109007.63212514999,202283.38378243,39637.703758480005,0,0,559.2505275499999,154751.99240132998,0,6995.09367419,145.94269168,0,2.9498763500000003,1171.19531876,1.433e-05,46.146014619999995,329.02883627999995,4965.618048779999,100.71883567,28.651302219999998,0,0,204.76690914,0,0,0,0,0.07582636,0,3392.5156299,288.36119591000005,1605.40630696,71.06317331999999,89.19237634000001,0.04635607,0,638.39867465,49.14570443,317.67655088,0,0,266.02421528,0,0.6423429599999999,66.5587331,0,0,0,3602.57804429,363.55407616,3239.02396813,703.7508542,610.8609706799999,243.72101972,183.20609323,1839.019377,1919.8215876,70.61935627,1990.44094387,557.62282026,1432.81812361,0,1432.81812361,-121.302185,0,1311.51593861,,
Invex,214168.341641,12626.255743,238.371222,135671.522872,132979.577351,0,2691.945521,3178.450395,0,1097.558766,1097.558765,1e-06,0,50470.700721,15591.856191,34842.137992,36.706538,1796.341026,564.884154,1230.832751,0.624121,1391.38134,373.152527,1018.228813,0,0,53658.423087,-18.886108,-3215.342287,50424.194692,0,50424.194692,0,8583.355649,115.335598,0,309.779756,311.925728,248.999308,326.745642,712.523013,267.51207,0,55.811187,202818.18689,66394.974024,10228.271128,51061.502468,28559.398716,22502.103752,5104.482708,0.71772,4049.062488,0,120942.121627,0,3128.853056,1.489599,1.489599,0,0,0,265.831788,7791.741132,0,0,0,0,0,0,0.27817,243.835006,0,11350.154751,1697.713573,1697.713573,0,0,0,0,9652.441178,1250.00002,8403.909881,-2.072317,0,0,0,-2.072317,0,0,0.603594,0,2400879.977052,0,0,79330.696323,1295957.122816,612364.2542,3182.701748,3132.567859,1879.724723,405032.909383,0,6339.533157,58.462967,39.980684,1.608619,3514.534519,124.002444,0,203.972102,2335.358668,25.172782,10.801227,0,0,25.639145,0,0,0,0,0,0,4153.945835,31.331264,847.163444,78.639755,111.792419,9.326833,0,2081.680117,0,907.02819,0,0,2.273435,78.856673,0,5.853705,0,0,0,2185.587322,1642.751205,542.836117,2045.802521,468.642956,-100.600848,34.510755,1924.730197,129.175392,28.676984,157.852376,47.355713,110.496663,0,110.496663,1.018241,0.066892,111.581796,,
Banca Mifel,191803.558356,10450.060281,0,60796.007458,51973.086372,7922.831757,900.089329,0,0,9007.557843,6796.179273,2211.37857,120.706661,92088.336033,77119.415701,454.484592,14514.43574,1162.935613,847.002606,21.993787,293.93922,2289.660266,558.653513,37.508947,1693.497806,0,95540.931912,-35.83452,-1943.266149,93561.831243,0,93561.831243,0,13696.798999,244.977153,0,1898.447699,1050.612962,405.605675,22.385329,541.148713,7.41834,0,0,173983.271309,92305.363754,44902.533123,45523.18736,45434.08148,89.10588,1879.350826,0.292445,26489.822085,0,41609.022327,0,0,8710.752189,6644.673408,2066.078781,0,0,482.051368,3881.292555,0,0,0,0,0,0,179.739219,301.695014,23.532798,17820.287047,2875.642582,2700.642582,0,175,0,0,14944.644465,1091.2603179999999,13937.529561,-84.145414,6.159026,-8.966294,0,-81.338146,0,0,0,0,616581.203099,0,0,30008.420771,278532.666209,218678.614395,9108.404026,9108.404026,133.493152,71011.20052,0,4236.332394,198.133063,0,3.342686,259.133642,821.871536,0,0,2926.905348,0,18.837537,0,0,8.108582,0,0,0,0,0,0,2579.337443,412.638815,841.577054,486.101252,36.923994,0.945564,0,789.193527,0,0,0,0,0,0,1.5e-05,11.957222,0,0,0,1656.994951,174.513475,1482.481476,458.669894,295.766226,188.535245,120.828748,876.940945,1077.808192,1.05026,1078.858452,215.356144,863.502308,0,863.502308,13.983556,0,877.485864,,
J.P. Morgan,189658.715722,38635.520627,509.336008,30021.496604,30021.496604,0,0,38059.731556,0,38562.46606,38562.46606,0,0,24610.528884,24610.528884,0,0,10.957437,10.957437,0,0,0,0,0,0,0,24621.486321,0,-175.7797,24445.706621,0,24445.706621,0,18305.917959,0,0,295.9317,160.794076,257.110845,18.701165,386.002501,0,0,0,150153.038454,66256.806233,66256.806233,0,0,0,0,0,12058.367598,0,0,0.174641,12800.381653,38297.638178,38297.638178,0,0,0,338.03539,19486.967727,0,0,0,0,0,0,0,910.033421,4.633613,39505.677268,15695.180526,15695.180526,0,0,0,0,23810.496742,2927.4536900000003,20883.043052,0,0,0,0,0,0,0,0,0,211705.454197,0,8042.693467,47238.782649,3280.622653,84780.140289,54552.194133,13811.021006,0,0,0,2288.075187,188.087962,9.350558,56.858574,590.314506,982.288605,0,0,461.174982,0,0,0,0,0,0,0,0,0,0,0,855.142049,620.423696,0,142.594542,0,0.180495,0,77.723447,0,0,11.059445,0,0,0,0,3.160424,0,0,0,1432.933138,2.575653,1430.357485,417.005214,17.666052,238.810263,-84.845079,820.526105,1163.135726,0.954557,1164.090283,192.332894,971.757389,0,971.757389,0,0,971.757389,,
Banco Base,189183.583121,16663.969464,0,152668.131626,152668.131626,0,0,4480.878214,0,489.148897,489.148897,0,0,9846.078614,9846.078614,0,0,37.610319,37.610319,0,0,371.305975,371.305975,0,0,0,10254.994908,-10.207177,-370.204274,9874.583457,0,9874.583457,0,4084.254643,30.034057,0,244.222302,133.507877,149.176272,3.3229,324.846325,37.507087,0,0,181183.026347,32871.693847,20176.828488,12660.269845,11016.123695,1644.14615,0,34.595514,77.011392,0,137614.414707,0,4480.877651,460.093863,460.093863,0,0,0,144.369,4773.342718,0,0,0,0,0,0,38.764056,722.459113,0,8000.556774,1000,1000,0,0,0,0,7000.556632,740.406669,6322.477825,-62.327862,0,0,0,-62.327862,0,0,0,0.000142,236415.987422,0,16.668737,9571.304776,2481.228826,14217.738287,4917.051898,4504.125148,55.323384,200652.546366,0,3320.346502,197.816484,0,0,2735.023255,142.24945,0,1.569855,228.441614,1.570563,0.038599,0,0,13.636682,0,0,0,0,0,0,2912.213981,59.428609,212.628037,1.753521,0,5.268785,0,2615.93363,0,1.540105,0,0,9.53103,4.356961,0.392665,1.380638,0,0,0,408.132521,14.985098,393.147423,16.105413,43.015325,1434.388953,-72.075813,1196.024667,532.525984,0,532.525984,156.283728,376.242256,0,376.242256,1.658716,0,377.900972,,
Multiva,185185.791038,18837.220674,3e-06,51552.410832,48547.169579,3005.241253,0,8199.589443,0,215.633208,186.395704,29.237504,-26.705762,99096.900788,92094.63862,6847.448305,154.813863,1109.210111,1056.398234,48.988663,3.823214,1923.188644,1577.368348,64.84581,280.974486,0,102129.299543,537.447508,-2616.655341,100050.09171,0,100050.09171,0,650.648335,833.125479,0,2388.170223,645.338673,386.188644,151.97403,1076.178033,225.927513,0,0,173878.370691,129056.20324,54037.800316,74967.954945,66886.27707,8081.677875,0,50.447979,7555.013964,0,30134.122255,0,999.999944,26.547434,26.547434,0,0,0,441.732014,2972.767955,0,2057.812842,2057.812842,0,0,0,29.086067,492.493843,112.591133,11307.420347,3833.341,3733.341,0,100,0,0,7474.079347,609.237006,6861.710603,3.131738,0,3.131738,0,0,0,0,0,0,1925839.777192,0,3182.33048,37137.2322,1522228.245792,112761.075342,8206.52261,1000.195777,197.269543,241126.905448,0,3968.975807,343.544216,0,5.316532,806.889356,53.852464,0,0,2723.588402,21.206858,9.481232,0,0,4.753467,0,0,0,0,0.34328,0,2584.990833,691.55879,985.690826,208.360589,58.270985,0.478581,0,567.88435,0,0,0,0,60.416531,0.017788,0.680505,11.631888,0,0,0,1383.984974,11.756576,1372.228398,433.216646,85.746107,58.029932,-208.877661,1119.574784,449.276424,6.390959,455.667383,132.699537,322.967846,0,322.967846,0.518766,0,323.486612,,
BanCoppel,176046.33447844,20864.6073597,12.906144,65985.1854459,16126.36177959,49858.823666309996,0,0,0.22268794,1048.08257024,0,1048.08257024,0,76878.07420347,47147.290777199996,25244.248432490003,4486.53499378,2218.8435033,235.29200913999998,1879.75168158,103.79981258,5524.37708772,1943.53716651,3238.0130819299998,342.82683927999994,0,84621.29479449001,145.61001176,-7263.52679182,77503.37801443,0,77503.37801443,0,4284.5203938800005,359.94486386,0,1429.07880505,505.5753017,650.87073046,2.177546,2417.630015,982.15460028,0,0,153176.08758360997,140507.7744551,135154.26978512,4612.84678616,4612.84678616,0,0,740.65788382,4727.57355887,0,1203.80055611,0,0,1022.32184886,5.4e-07,1022.3218483200001,0,0,672.98720546,3775.0804495,0,0,0,0,0,0,234.92366674000002,1031.38357888,0.24226409,22870.24689483,2565.51935075,2565.51935075,0,0,0,0,20304.72754408,2196.47573175,18331.951731330002,-223.699919,-191.42565477000002,9.10024979,0,-41.37451402000001,0,0,0,0,342359.21911739,0,4963.955707489999,61999.87255584,194.80803772,0,11999.11054136,0,439.62892489999996,262761.84335007996,0,5571.33669625,74.7099025,0,0,1456.56985981,40.514441409999996,15.16027849,0,3758.69285108,127.90797512,78.77757267,0,0,13.98985307,0,5.0139621,0,0,0,0,704.92709261,517.09459468,28.99060026,49.437013439999994,0,0.20986731,0,11.20953699,7.95306058,0,0,0,47.65431187,3.93513486,12.610338070000001,25.83263455,0,0,0,4866.409603640001,2174.79883066,2691.61077298,1850.92838782,330.14921,-65.44028152,-220.00338707,3602.77450663,324.17177558,0,324.17177558,97.81895276,226.35282282,0,226.35282282,-346.27635900999996,0,-119.92353619,,
Bank of America,159863.297389,28576.185404,1921.98915,38666.944396,34601.41798,4065.526416,0,12999.993799,0,3661.565274,3661.565274,0,0,44900.530216,44900.530216,0,0,0,0,0,0,0,0,0,0,0,44900.530216,0,-412.850149,44487.680067,0,44487.680067,0,28581.36577,0,0,269.099258,288.235116,242.389392,0,167.849763,0,0,0,135533.540407,69321.502337,52457.728257,16863.77408,1761.188441,15102.585639,0,0,0,0,0,0,15554.494277,4661.132048,4661.132048,0,0,0,252.896995,44599.284156,0,0,0,0,0,0,523.926657,592.926467,27.37747,24329.756982,7046.465346,7046.465346,0,0,0,0,17283.291636,1256.709029,16020.436501,6.146106,-15.016521,0,0,21.162627,0,0,0,0,121819.875427,0,322.653502,68717.998822,0.855166,0,31229.837627,21548.53031,0,0,0,4676.249636,185.194991,18.616464,61.511136,447.451701,687.979781,0,0,830.685697,0,0,0,0,2.677717,0,0,0,0,2442.132149,0,3872.794735,365.146436,727.502198,1.020833,0,34.960109,0,71.580442,0,0,6.696789,0,0,2662.724523,0,3.163405,0,0,0,803.454901,-26.461392,829.916293,42.053157,17.442821,329.951293,11.311133,333.057087,862.731968,0,862.731968,151.582164,711.149804,0,711.149804,-22.879489,0,688.270315,,
Sabadell,152463.25446,15521.801456,0,11986.875479,0,9320.264634,2666.610845,6216.206162,0,3032.480775,3032.480775,0,0,108854.295448,108799.695495,9.191816,45.408137,1421.226285,1419.714185,0.292816,1.219284,2215.218698,2214.866582,0.352116,0,0,112490.740431,-139.826505,-1556.684906,110794.22902,0,110794.22902,0,787.463646,247.848892,0,136.096809,68.044847,105.597615,20.101165,1279.272173,2267.236421,0,0,134093.312907,66436.469204,40468.595743,25965.625958,23460.106319,2505.519639,0,2.247503,61777.352204,0,1700.318658,0,0,2882.098017,2882.098017,0,0,0,114.283242,798.507165,0,0,0,0,0,0,0,307.930394,76.354023,18369.941553,16456.840616,16456.840616,0,0,0,0,1913.100937,88.215149,1789.017684,35.868104,23.295143,0,0,12.572961,0,0,0,0,130706.603493,0,3621.788383,24012.186007,33828.577361,0,6218.602948,0,569.331522,62456.117272,0,2990.428602,195.108362,0,3.160145,279.991572,191.2737,0,91.582953,2167.673673,32.904319,6.997872,0,0,21.736006,0,0,0,0,0,0,2033.93837,550.222231,439.943872,813.273037,0.843611,0,0,136.508047,0,77.927852,0,0,0.470114,11.755498,0.000806,2.993302,0,0,0,956.490232,132.989244,823.500988,141.718549,3.280764,50.744012,-104.974,554.521541,353.187244,0.653625,353.840869,78.745564,275.095305,0,275.095305,0.040292,0,275.135597,,
Ve por Más,133557.63415,3588.630248,0,53742.382888,6684.10425,47058.278638,0,554.1261,0,131.903116,131.903116,0,0,65241.36151,55888.596424,108.16078,9244.604306,1864.613452,805.441968,0.498058,1058.673426,2086.51513,1998.249322,1.961696,86.304112,0,69192.490092,-215.812453,-2133.76144,66842.916199,0,66842.916199,0,4208.541982,664.41802,349.776159,1117.321038,252.808802,87.551064,3.452226,1643.712764,295.571263,0,74.522281,122650.692521,67039.207051,39404.550669,27623.072844,25803.531209,1819.541635,0,11.583538,5955.816669,0,45445.198621,0,0,24.442899,6.32346,18.119439,0,0,99.788137,3594.871823,0,0,0,0,0,0,71.802222,402.300046,17.265053,10906.941629,3909.21849,2562.5996219999997,0,0,1346.618868,0,6997.722729,617.783516,6357.616992,22.322221,39.754765,-11.425252,0,-6.007292,0,0,0,0.00041,547108.713351,0,0,12483.138825,239562.616148,64.043587,15420.487363,9007.455395,185.634471,270385.337562,0,2829.742527,63.506539,0,0,897.138339,123.957082,0,0,1622.880416,22.362102,8.814156,0,0,55.742904,0,0,0,0,35.340989,0,1930.161162,496.115567,483.322951,95.21279,0,0,0,818.188956,0,0,0,0,27.529106,7.731309,0.034298,2.026185,0,0,0,899.581365,213.049583,686.531782,64.452349,166.214925,335.670136,-52.345306,547.792115,320.301921,0,320.301921,64.658526,255.643395,0,255.643395,34.282566,0,289.925961,,
Barclays,107619.729444,10370.076347,241.167897,8182.50407,8182.50407,0,0,22676.692138,0,24793.000857,24793.000857,0,0,0,0,0,0,0,0,0,0,0,0,0,0,0,0,0,0,0,0,0,0,40474.917995,0,0,399.205315,120.455663,12.507233,0,349.201929,0,0,0,98940.959417,0,0,0,0,0,0,0,2171.911284,0,8725.819928,0,22193.400167,24323.111165,24323.111165,0,0,0,15.829687,41113.469733,0,0,0,0,0,0,0,200.778151,196.639302,8678.770027,3842.563655,3111.154651,0,0,731.409004,0,4836.206372,846.281369,3989.925003,0,0,0,0,0,0,0,0,0,847918.604877,0,0,0,0,6116.725221,28530.93753,25600.532806,0,787670.40932,0,821.161876,12.7265,1.286545,78.781568,183.33275,545.034513,0,0,0,0,0,0,0,0,0,0,0,0,0,0,721.986341,0,0,23.453401,0,20.972209,0,667.448321,0,8.846747,1.18251,0,0,0,0,0.083153,0,0,0,99.175535,0,99.175535,0,14.440421,257.004717,217.277637,292.759091,266.258377,0,266.258377,67.83219,198.426187,0,198.426187,0,0,198.426187,,
Compartamos,72693.896465,8336.354709,0,0,0,0,0,0,0,0,0,0,0,54148.381999,0,54148.381999,0,6249.917465,0,6249.917465,0,3088.485432,0,3088.485432,0,0,63486.784896,370.680088,-5779.959184,58077.5058,0,58077.5058,0,1879.701231,0,0,199.344205,486.485796,939.496525,0.206456,2586.948737,187.853006,0,0,52139.533405,23489.953879,3753.205544,2434.145376,2434.145376,0,17206.852152,95.750807,20989.477644,0,0,0,0,0,0,0,0,0,994.706045,4387.953734,0,0,0,0,0,0,353.414186,1924.027917,0,20554.36306,947.891831,947.891831,0,0,0,0,19606.471229,895.363175,18957.269675,-246.161621,0,0,0,-246.161621,0,0,0,0,40320.635873,0,0,31921.046096,0,0,0,0,72.589777,8327,0,9306.204822,154.189747,0,0,0,0,0,0,8382.511616,761.22484,1.685699,0,0,0,-5.103375,0,0,0,11.696295,0,1404.638818,5.393366,45.100636,423.035357,371.787325,0,0,0,0,0,0,3.479372,536.715096,0,0,19.127666,0,0,0,7901.566004,2140.824514,5760.74149,1023.760251,176.625652,3.07257,-57.684524,4138.64506,2414.619075,0,2414.619075,759.154458,1655.464617,0,1655.464617,0,0,1655.464617,,
Kapital ,71944.599399,22233.107276,0,9490.092586,9490.092586,0,0,5837.999747,0,113.519304,113.519304,0,0,25419.533301,24526.600038,779.381214,113.552049,395.897628,366.521185,27.407791,1.968652,754.20248,695.661135,29.668556,28.872789,0,26569.633409,24.758252,-809.471035,25784.920626,0,25784.920626,0,4410.858552,139.497262,0,2272.71377,1012.952734,91.114873,36.384578,257.685621,263.75247,0,0,66216.21982,58422.369806,19212.468451,36698.472163,36698.472163,0,2421.246528,90.182664,0,0,636.085396,0,0,127.350035,127.350035,0,0,0,152.501787,6587.710691,0,0,0,0,0,0,0,226.545946,63.656159,5728.379579,3932.322415,3027.84532,0,904.477095,0,0,1796.057164,146.976984,1649.08018,0,0,0,0,0,0,0,0,0,342368.382868,0,0,4829.846333,307671.74953,3035.648292,11443.733816,5583.447961,167.000583,9636.956353,0,1239.094156,140.621626,0,0,122.805174,157.092269,0,0,770.262657,6.136854,10.823997,0,0,31.351579,0,0,0,0,0,0,866.872815,155.451288,634.360909,0,0,0.011931,0,57.996501,0,0,0,0,13.213788,0,0.973512,4.864886,0,0,0,372.221341,144.360477,227.860864,75.0614,19.591749,594.430362,-8.014494,334.19896,535.547423,-2.276966,533.270457,0,533.270457,0,533.270457,0,0,533.270457,,
BIAfirme,68086.179925,106.87392,4.04737,66301.921576,66301.921576,0,0,1141.297412,0,0.706702,0.706702,0,0,225,225,0,0,0,0,0,0,0,0,0,0,0,225,0,-1.243527,223.756473,0,223.756473,0,12.070345,0,0,46.549729,75.793562,0,0,173.162836,0,0,0,66868.688115,20.204339,20.204339,0,0,0,0,0,0,0,65534.066653,0,0,0,0,0,0,0,0,791.543393,0,522.468182,522.468182,0,0,0,0,0.405548,0,1217.49181,895.951832,895.951832,0,0,0,0,321.539978,20.787536,300.894632,-0.14219,0,0,0,-0.14219,0,0,0,0,25216.734483,0,0,0,0,0,1147.054179,0,0,24069.680304,0,851.826498,0.491906,0.475217,0,830.495986,15.173687,0,0.622425,4.56661,0,0,0,0,0.000667,0,0,0,0,0,0,826.55754,0.001484,0,0,13.438413,0,0,810.227543,2.8901,0,0,0,0,0,0,0,0,0,0,25.268958,0,25.268958,0,0.296833,22.915805,2.104658,32.657062,17.335526,0,17.335526,2.700269,14.635257,0,14.635257,0,0,14.635257,,
Bansí,66253.041248,9272.811669,0,27976.940694,27976.940694,0,0,1599.999957,0,0,0,0,0,26894.053726,25975.762942,914.714317,3.576467,304.181554,288.368163,11.820627,3.992764,1225.311818,1185.589858,36.271469,3.450491,0,28423.547098,-236.728045,-1971.862157,26214.956896,0,26214.956896,0,527.580488,18.570904,0,81.829546,344.196786,8.694622,0.35,207.109686,0,0,0,57600.483721,37141.868185,11664.849851,25476.578655,25476.578655,0,0,0.439679,172.657361,0,16850.700497,0,999.99996,0,0,0,0,0,8.835878,2011.80025,0,0,0,0,0,0,76.406697,66.371419,271.843474,8652.557527,4442.04,4442.04,0,0,0,0,4210.517527,555.272169,3606.776853,48.468505,77.067493,0,0,-29.405332,0,0,0,0,138625.915611,0,0,1585.018676,91105.49695,10851.111305,1605.942895,1002.559896,1132.104095,31343.681794,0,1486.001221,112.416144,0.000121,0,182.630422,323.565006,0,0,762.402243,18.868255,35.197136,0,0,50.921894,0,0,0,0,0,0,794.277739,27.018587,447.203605,3.567871,0,0,0,316.487676,0,0,0,0,0,0,0,0,0,0,0,691.723482,51.592964,640.130518,115.714829,67.787181,18.360732,-5.121046,329.032219,372.265633,0,372.265633,56.930405,315.335228,0,315.335228,0.806344,0,316.141572,,
Bancrea,62116.133418230005,8537.21441932,0,2414.96742916,0,0,2414.96742916,0,0,0,0,0,0,45892.689830769996,43288.105726580005,2604.58410419,0,1461.8053851700001,1451.24159445,10.56379072,0,1287.29759241,1248.36356542,38.93402699,0,0,48641.79280835,185.37728603,-952.1183779500001,47875.05171643,0,47875.05171643,0,256.60342283,1336.97217059,0,89.96499784999999,886.00291984,0,134.68844937,536.12116696,48.546725880000004,0,0,56600.11750029,44491.70642829,7865.53071623,36621.49998085,36219.71731418,401.78266667,0,4.67573121,10269.79262618,0,0,0,0,0,0,0,0,0,0,208.21780893000002,0,1474.2541930799998,1474.2541930799998,0,0,0,18.87382648,18.4010378,118.87157953,5516.01591794,2140,1548.620905,0,0,591.379095,0,3375.97258894,228.69528229,3147.27730665,0,0,0,0,0,0,0,0,0.043329,71140.60532408,0,0,23121.584643849998,30340.35922643,9893.64150414,0,0,504.49244514,7280.527504520001,0,1570.97304678,82.62714240999999,0,0,85.80143953,0,0,0,1320.13484648,47.64117504,16.7812847,0,0,17.31791026,0,0,0,0,0.66924836,0,899.90536443,44.275101590000006,614.19976411,170.51289529,42.3095222,0,0,0,0,0,0,0,28.38812783,0.21995341000000002,0,0,0,0,0,671.06768235,153.12686362,517.94081873,34.65783596,5.40254896,117.80219693000001,-33.25693927,378.39446899,253.3468944,0.65101768,253.99791208000002,51.86146923,202.13644284999998,0,202.13644284999998,0,0,202.13644284999998,,
Actinver,61678.097979,11786.527194,0,11566.693001,4491.387581,6609.485307,465.820113,1393.7418,0,216.812738,206.969304,9.843434,0,29848.622452,26844.829478,3003.792974,0,222.499579,212.11415,10.385429,0,721.406889,530.853133,190.553756,0,0,30792.52892,0,-938.744326,29853.784594,0,29853.784594,0,4606.608284,124.112843,0,565.300261,256.26793,212.524116,4.538552,549.83026,541.356406,0,0,54649.949831,39327.347281,12676.65636,15157.25472,7601.182051,7556.072669,11472.400352,21.035849,334.618682,0,5612.700907,0,2642.64397,360.238783,283.137934,77.100849,-0.145678,0,224.1412,5714.277058,0,0,0,0,0,0,0,182.962061,251.165567,7028.148148,3154.893508,2554.893508,0,600,0,0,3873.25464,355.462488,3616.61619,-98.824038,5.607085,-42.279798,0,-62.151325,0,0,0,0,1553984.112881,0,2.096022,12494.599234,1378032.515926,120744.782951,1435.15519,1435.15519,108.672971,39731.135397,0,1478.985659,107.454446,0.143267,0.892297,238.60667,57.5677,0,0,735.25258,9.475485,11.634148,0,0,15.680387,0,0,0,0,302.278679,0,971.74622,13.879284,280.063391,5.195799,226.643767,1.149734,0,115.778193,0,0,0,0,0,323.48359,0.252139,5.300323,0,0,0,507.239439,110.100646,397.138793,479.261627,20.656086,-188.669684,342.858846,942.923291,67.010205,0,67.010205,23.081676,43.928529,0,43.928529,-8.698169,0,35.23036,,
Consubanco,47021.515903,6402.795988,0,597.431128,0,597.431128,0,200.038673,0,0,0,0,0,31710.721738,9285.379438,22425.3423,0,1590.707297,0,1590.707297,0,474.010839,0,474.010839,0,0,33775.439874,2306.29249,-1140.914291,34940.818073,0,34940.818073,0,2946.446684,0,0,1149.068242,54.233121,51.742403,18.891135,660.050456,0,0,0,41205.505763,21072.461793,634.111681,17290.459354,14475.709207,2814.750147,3147.889946,0.000812,468.259579,0,0,0,0,0,0,0,0,0,59.386528,16558.527435,0,1512.817511,1512.817511,0,0,0,1455.402453,64.793338,13.857126,5816.01014,1616.380576,1616.380576,0,0,0,0,4199.629564,353.231189,3851.710992,-5.312617,-1.262318,-2.050685,0,-1.999614,0,0,0,0,1071.131452,0,0,794.717186,0,0,199.999951,0,76.414315,0,0,2320.350835,12.81235,0,0,15.11725,1.976923,0,0,2288.724083,0,0,0,0,0,1.720229,0,0,0,0,0,785.575207,0.270473,357.927702,131.221353,200.091696,0,0,0.411722,0,0,0,-0.414164,96.066418,0,7e-06,0,0,0,0,1534.775628,142.860741,1391.914887,12.248418,39.79912,12.209559,-138.083788,640.475291,598.014665,0.654672,598.669337,206.091247,392.57809,0,392.57809,-8.342778,0,384.235312,,
MUFG Bank,45318.715381,14091.862127,0,9163.418975,0,9163.418975,0,10500.041911,0,1013.893967,1013.893967,0,0,9352.72066,9352.72066,0,0,0,0,0,0,0,0,0,0,0,9352.72066,0,-78.441637,9274.279023,0,9274.279023,0,625.955721,0,0,256.75829,8.535513,131.647218,2.762769,72.737085,176.822782,0,0,35237.257716,32890.446674,20077.470108,12812.976566,12812.976566,0,0,0,0,0,0,0,0,960.734504,960.734504,0,0,0,139.428779,1018.831862,0,0,0,0,0,0,0,220.327522,7.488375,10081.457665,3434,3434,0,0,0,0,6647.457665,608.1137249999999,6042.021736,-2.677796,-1.15963,0,0,-1.518166,0,0,0,0,47760.699995,0,770.7836,18060.610395,0,0.05,10500.818556,0,0,18428.437444,0,617.236156,147.804258,0,20.027116,152.615048,178.781004,0,0,117.52363,0,0,0,0,0.4851,0,0,0,0,0,0,183.076563,2.759369,158.021441,0.018006,0,17.266194,0,0.868433,0,0,0,0,1.254897,0,0,2.888223,0,0,0,434.159593,24.597681,409.561912,13.961053,6.568488,60.31366,-58.67458,286.757765,131.835792,0,131.835792,18.00956,113.826232,0,113.826232,-3.261183,0,110.565049,,
Bankaool,30308.375415,9003.451049,0,434.81933,434.81933,0,0,0,0,0,0,0,0,17913.164013,17893.811697,19.352316,0,77.938512,77.720632,0.21788,0,123.044502,121.402746,1.641756,0,0,18114.147027,0,-281.184632,17832.962395,0,17832.962395,0,1213.424595,220.310612,0,260.550047,536.277778,553.793986,16.594214,160.661196,75.530213,0,0,27626.026361,25313.060219,13269.0369,12044.023319,12044.023319,0,0,0,13.454142,0,429.999932,0,0,0,0,0,0,0,591.491681,1072.913332,0,0,0,0,0,0,24.285993,171.10917799999999,9.711884,2682.349054,3191.342076,3706.6603410000002,-1578.018266,270.000001,792.7,0,-508.993022,56.310287,-565.303309,0,0,0,0,0,0,0,0,0,2180.865895,0,11.669314,1895.684,149.600486,0,0,0,123.912095,0,0,741.012862,93.705952,0,0,13.192249,0,0,0,621.99835,0.888661,0.653384,0,0,10.574266,0,0,0,0,0,0,317.578334,64.611095,233.057415,0.34358,0,0,0,5.613793,0,0,0,0,0,0,0,13.952451,0,0,0,423.434528,27.891402,395.543126,127.176325,69.535062,7.137452,274.437339,705.198918,29.560262,0.579581,30.139843,17.341897,12.797946,0,12.797946,0,0,12.797946,,
BNP Paribas México,27904.182225,413.19853,0,7782.51933,2480.107973,5302.411357,0,5962.006233,0,2661.992351,2661.992351,0,0,0,0,0,0,0,0,0,0,0,0,0,0,0,0,0,0,0,0,0,0,10822.888297,0,0,77.585808,15.941393,0,0,143.917582,4.22633,19.906371,0,22220.397838,0,0,0,0,0,0,0,0,0,3997.485401,0,4088.374738,2498.859559,2498.859559,0,0,0,22.127184,11525.556485,0,0,0,0,0,0,9.104982,78.889489,0,5683.784387,4500,4500,0,0,0,0,1183.784387,746.649291,397.144087,39.991009,42.055407,0,0,-2.064398,0,0,0,0,155269.073352,0,0,0,0,142702.692818,7115.063781,5451.316753,0,0,0,273.887132,1.852918,0,17.409482,159.745665,94.879067,0,0,0,0,0,0,0,0,0,0,0,0,0,0,105.161983,0,0,0.002421,0,23.115105,0,81.750737,0,0,0,0,0,0,0,0.29372,0,0,0,168.725149,0,168.725149,120.824956,43.195754,-45.005118,-0.406178,140.652992,60.290063,0,60.290063,-12.695032,72.985095,0,72.985095,0,0,72.985095,,
Openbank,24756.509906,540.750571,0,8569.536518,0,8569.536518,0,12252.362432,0,0,0,0,0,306.943633,0,306.943633,0,38.937671,0,38.937671,0,35.420602,0,35.420602,0,0,381.301906,0,-91.211258,290.090648,0,290.090648,0,236.615432,0,0,355.314708,64.051083,18.521823,0,1071.582327,1357.684364,0,0,20378.28183,19766.359847,19766.35624,0.003607,0.003607,0,0,0,0,0,0,0,0,0,0,0,0,0,20.736843,508.994296,0,0,0,0,0,0,0,82.190844,0,4378.228076,6958.42022,5008.42022,0,1950,0,0,-2580.192144,0,-2551.467438,-28.724706,-36.103322,0,0,7.378616,0,0,0,0,13911.253663,0,0,1669.3951,0,0,12236.718387,0,5.140176,0,0,398.906536,1.465487,0,0,149.77983,227.274565,0,0,17.470728,2.849138,0.066788,0,0,0,0,0,0,0,0,0,433.674764,433.080488,0.003637,0,0,0,0,0.007839,0,0,0,0,0,0,0,0.5828,0,0,0,-34.768228,57.72589,-92.494118,15.367853,48.659382,0.668082,-24.095283,666.620651,-815.833499,0,-815.833499,-242.576961,-573.256538,0,-573.256538,-28.189708,0,-601.446246,,
Banco Plata,19911.835062,4360.977934,0,0,0,0,0,0,0,153.25544,0,153.25544,0,12265.060469,0,12265.060469,0,476.420018,0,476.420018,0,634.139938,0,634.139938,0,0,13375.620425,-259.455932,-2103.840407,11012.324086,0,11012.324086,0,1444.617239,0,0,924.79243,113.157747,120.635589,0,1647.898653,134.175944,0,0,15180.15551,9146.564917,1369.086763,35.880839,35.880839,0,7741.597315,0,5157.930179,0,0,0,0,0,0,0,0,0,126.688463,639.295668,0,0,0,0,0,0,0,109.676283,0,4731.679552,10336.681027,4871.902578,0,5464.778449,0,0,-5605.001475,0,-5656.273126,51.271651,0,51.271651,0,0,0,0,0,0,20406.654166,0,0,20140.113166,0,0,0,0,0,266.541,0,2406.323549,34.362394,0,0,0,0,0,0,1128.063757,78.844453,0,0,0,876.82444,0,0,0,0,288.228505,0,853.580548,2.5029,0.047629,543.086971,0,0,0,0,57.209992,0,0,0,0,248.237594,0,2.495462,0,0,0,1552.743001,736.332689,816.410312,497.146249,67.353482,-2.9412,36.768802,2032.865173,-752.834492,0,-752.834492,-213.292966,-539.541526,0,-539.541526,51.271651,0,-488.269875,,
Inmobiliario Mexicano,17154.9049587,2107.62405762,0,210.2650853,0,210.2650853,0,600.1152763700001,0,0,0,0,0,13056.27750541,12874.13173701,0,182.1457684,82.10414665,79.38021719,0,2.72392946,312.19619758,310.65877377,0,1.53742381,0,13450.57784964,-66.39819126,-219.29121853,13164.88843985,0,13164.88843985,0,364.28640039,217.37403688,0,142.94507338999998,44.96961764,79.74291192,18.73113479,174.5841317,26.201460870000002,3.17733198,0,15193.09511066,13280.84927952,557.74044084,11930.33470669,11930.33470669,0,792.21415141,0.55998058,1067.87209772,0,0,0,0,0,0,0,0,0,90.72140637999999,173.07261568,0,504.37351834,504.37351834,0,0,0,0,63.28832608,12.91786694,1961.80984804,1712.43312935,1712.43312935,0,0,0,0,249.37671869,89.49334599000001,159.42140333,0.46196937,0.46196937,0,0,0,0,0,0,0,95715.62836697999,0,0,8838.7319335,82258.52304166001,3470.6663644200003,600.11527667,0,457.47459469,90.11715604000001,0,453.02881689,24.891457510000002,0,0,3.7427451,9.516068259999999,0,0,400.33773076,2.6034199,0.12845752,0,0,11.44439686,0,0,0,0,0.36454097999999996,0,309.25841593,2.23471982,263.56644375,22.71884477,18.062558059999997,0,0,0,0,0,0,0,0,0.35022732,0,2.32562221,0,0,0,143.77040096000002,7.622383950000001,136.14801701,85.20145446,1.48738379,0,-19.759413579999997,184.19667703,15.90599707,0.65467237,16.560669439999998,-14.604131,31.16480044,0,31.16480044,0.05353297,0,31.21833341,,
Hey Banco,15780.16851495,4727.3441804700005,0,0,0,0,0,0,0,0,0,0,0,10224.24375736,4762.43836514,5461.805392220001,0,263.562179,96.31069715000001,167.25148185,0,164.20340724000002,35.8155182,128.38788904,0,0,10652.0093436,281.52617653,-444.571794,10488.96372613,0,10488.96372613,0,279.03817270999997,15.19230525,0,8.02496359,88.65204007,61.07855878,12.259924,99.60951476999999,0.0051291800000000005,0,0,13752.64956993,13061.71242058,2973.58986119,10077.505420469999,10077.505420469999,0,0,10.61713892,0,0,0,0,0,0,0,0,0,0,65.92607074,453.1901544,0,0,0,0,0,0,14.66806286,12.45750717,144.69535418,2027.51894502,1563.1109887100001,1493.03092371,0,70,0.080065,0,464.40795631,297.56217919,168.28489338999998,-1.43911627,0,0,0,-1.43911627,0,0,0,0,8676.62492218,0,0,4656.96346893,0,235.19710041,0,0,8.775826,3775.68852684,0,353.436814,61.30734874,0,0,0,0.74369167,0,0,264.8233864,11.052045060000001,4.90943648,0,0,10.60090565,0,0,0,0,0,0,163.51884894,2.88319096,118.35878018000001,0,0,0,0,0,0,0.00041055000000000003,0,0,40.9433802,0,0,1.33308705,0,0,0,189.91796506,78.79717943000001,111.12078563,416.91404466,279.80042213999997,0,25.42702636,165.10401781000002,108.5574167,0,108.5574167,31.4816507,77.075766,0,77.075766,-1.43911627,0,75.63664973,,
Mizuho Bank,14464.3500081,5156.88901998,0,354.37811877999997,0,354.37811877999997,0,5501.0569006099995,0,33.32228451,33.32228451,0,0,3059.40903936,3059.40903936,0,0,0,0,0,0,0,0,0,0,0,3059.40903936,0.10570215,-13.129475869999998,3046.38526564,0,3046.38526564,0,3.53678232,0,0,149.02301025999998,19.82593666,77.01013061,2.40152726,23.644857,96.87617447,0,0,9697.51785855,9254.00842518,2622.49086011,6631.517565069999,5825.52025125,805.99731382,0,0,180.07450844,0,0,0,0,0.57832661,0.57832661,0,0,0,77.2506913,52.9945648,0,0,0,0,0,0,6.900903,122.15752858,3.5529106400000003,4766.83214955,2600,2600,0,0,0,0,2166.8321495500004,167.38769377,1999.2425094300002,0.20194635,0.20194635,0,0,0,0,0,0,0,15905.995706149999,0,1364.82365519,9039.61402841,0,0,5501.55802255,0,0,0,0,240.40651847,61.91130625,0,0,9.458932019999999,113.04185833,0,0,55.732845659999995,0,0,0,0,0.08287997999999999,0,0,0,0,0.17869623,0,128.63925367,4.4922037999999995,119.12579034000001,2.8648653900000003,0,1.00780036,0,0,0,0,0,0,0.17446157,0.09754180999999999,0,0.8765904,0,0,0,111.76726479999999,1.5256440900000001,110.24162070999999,43.195116049999996,0.91316352,25.27680895,-1.28596669,95.0362203,81.4781952,0,81.4781952,18.132907,63.345288200000006,0,63.345288200000006,0.20194635,0,63.54723455,,
ICBC,12932.781069,7641.205918,10.217364,197.56981,0,197.56981,0,0,0,2.524164,2.524164,0,0,4805.936415,4805.936415,0,0,270.063083,270.063083,0,0,0,0,0,0,0,5075.999498,-2.290732,-90.874728,4982.834038,0,4982.834038,0,7.052712,0,0,9.445904,7.250093,45.771739,1.310441,27.36414,0.234746,0,0,11401.652136,9451.319446,7823.762701,1627.556745,1627.556745,0,0,0,939.606542,0,0,0,0,1.451255,1.451255,0,0,0,42.51378,369.335006,0,538.963127,538.963127,0,0,0,0,58.46298,0,1531.128933,1597.355,1597.355,0,0,0,0,-66.226067,84.113207,-150.451779,0.112505,0.112505,0,0,0,0,0,0,0,3959.124318,0,1811.244108,923.662843,0,0,0,0,0,1224.217367,0,191.047109,90.278209,0,0,3.420124,0,0,0,94.604364,0.522939,0,0,0,2.209854,0.011619,0,0,0,0,0,54.644857,10.752028,14.617564,14.143879,10.891314,0,0,0,0,0,0,3.978441,0.010359,0,0,0.251272,0,0,0,136.402252,41.815619,94.586633,2.650826,0.439992,20.552648,-14.57242,46.032653,56.745042,0,56.745042,-0.638844,57.383886,0,57.383886,0,0,57.383886,,
Covalto,10870.37349718,727.39128689,0,349.79869788999997,0,0,349.79869788999997,600.22971029,0,0,0,0,0,8017.79751337,8017.79751337,0,0,232.89742552,232.89742552,0,0,480.10192751,480.10192751,0,0,0,8730.7968664,0,-336.49363542000003,8394.30323098,0,8394.30323098,0,18.28463777,152.38911358000001,0,166.70485396,5.41839399,0,0,433.24597382,14.015921460000001,8.59167655,0,9274.042470299999,7091.25484493,453.37292200999997,6636.50539322,6615.88539355,20.619999670000002,0,1.3765296999999999,1702.2186150799998,0,0,0,0,1.37924781,0,1.37924781,0,0,9.861756269999999,180.14801357,0,0,0,0,0,0,0,22.72864453,266.45134811,1596.33102688,2617.52839571,1945.25229571,0,672.2761,0,0,-1021.1973688300001,16.9691269,-1000.83234254,-37.334153189999995,0,-37.24883919,0,-0.085314,0,0,0,0,40307.13536357,0,0,4689.27959323,16379.412270780002,1822.1966295299999,600.1141235299999,0,434.08378125,16382.04896525,0,387.32751220999995,10.28526839,0,7.99565987,5.1735590700000005,13.53260886,0,0,309.24453576999997,15.876248,5.01873101,0,0,13.10020246,0,0,0,0,7.10069878,0,202.98677312,0,161.44117306,34.280614369999995,0,0,0,0,0,0,0,0,0,7.2649856900000005,0,0,0,0,0,184.34073909,17.93712325,166.40361584000001,7.08647987,6.7061572599999995,-0.98958177,11.4716185,149.68380717,27.58216801,0,27.58216801,-23.53030666,51.112474670000005,0,51.112474670000005,0,0,51.112474670000005,,
Volkswagen Bank,9448.048291,441.495198,0,0,0,0,0,0,0,0,0,0,0,8088.12943,0,8088.12943,0,89.093945,0,89.093945,0,132.256175,0,132.256175,0,0,8309.47955,709.605724,-239.453236,8779.632038,0,8779.632038,0,111.961727,6.605862,0,34.793579,0.31456,0,71.963405,0,1.281922,0,0,5502.773097,2504.646325,0.709716,0,0,0,2503.700694,0.235915,2408.279871,0,0,0,0,0,0,0,0,0,0,483.488885,0,0,0,0,0,0,96.128601,10.229415,0,3945.275194,1081.139,1081.139,0,0,0,0,2864.136194,910.394716,1954.042807,-0.301329,0,0,0,-0.301329,0,0,0,0,22.319278,0,0,0,0,0,0,0,22.319278,0,0,326.431532,5.290933,0,0,0,0,0,0,301.319787,3.959503,4.930103,0,0,10.931206,0,0,0,0,0,0,141.731453,0.001187,0,46.559652,54.18037,0,0,0,0,0,0,0,40.986986,0,0.003258,0,0,0,0,184.700079,34.573955,150.126124,0,2.394606,0,55.463792,36.194777,167.000533,1.788278,168.788811,21.628246,147.160565,0,147.160565,0,0,147.160565,,
Banco S3,8659.200843,4418.186572,0,982.074636,0,0,982.074636,0,0,0,0,0,0,258.023564,258.023564,0,0,0,0,0,0,0,0,0,0,0,258.023564,0,-0.825541,257.198023,0,257.198023,0,2808.853175,0,0,28.720011,0,8.908605,0,79.247102,76.012719,0,0,5903.21305,4874.89749,4874.89749,0,0,0,0,0,0,0,0,0,0,0,0,0,0,0,10.775963,961.319737,0,0,0,0,0,0,10.264087,26.481551,19.474222,2755.987793,1650,1650,0,0,0,0,1105.987793,121.078964,989.377677,-4.468848,0,0,0,-4.468848,0,0,0,0,5514932.165053,0,0,9980.058845,0,5504952.106208,0,0,0,0,0,109.998868,88.795122,0,0,18.983094,0,0,0,2.219819,0,0,0,0,0.000833,0,0,0,0,0,0,37.778516,37.54744,0,0.000605,0,0,0,0,0,0,0,0,0,0,0,0.230471,0,0,0,72.220352,0.73997,71.480382,139.45251,34.304541,0.308592,10.836011,84.588827,103.184127,0,103.184127,24.753767,78.43036,0,78.43036,0,0,78.43036,,
Shinhan,7091.272528,1141.905081,0,1909.513946,0,173.048725,1736.465221,0,0,0,0,0,0,3822.112991,3822.112991,0,0,0,0,0,0,55.683567,55.683567,0,0,0,3877.796558,-10.797735,-38.958013,3828.04081,0,3828.04081,0,1.49656,0,0,14.559372,46.78225,93.936062,2.372577,49.250313,3.415557,0,0,5116.50108,2196.63375,1755.023471,441.341668,441.341668,0,0,0.268611,2795.490284,0,0,0,0,0,0,0,0,0,95.363277,14.981723,0,0,0,0,0,0,0,13.980857,0.051189,1974.771448,1583,1583,0,0,0,0,391.771448,35.990681,355.932076,-0.151309,-0.376417,0,0,0.225108,0,0,0,0,397.78836,0,30.035109,301.634554,0,0,0,0,66.118697,0,0,126.665478,14.225135,0,0,40.839914,0,0,0,57.560747,0,0,0,0,1.273833,0,0,0,0,12.765849,0,66.134478,10.596467,3.759214,30.204918,0,0,0,0,0,0,0,0,0,20.224661,0.003466,1.345752,0,0,0,60.531,-0.987671,61.518671,0.48898,0.534364,3.030045,6.335381,39.286891,31.551822,0,31.551822,0,31.551822,0,31.551822,-0.191302,0,31.36052,,
Bank of China,6828.89246925,3292.5637611399998,0,0,0,0,0,0,0,0,0,0,0,3445.46597729,3445.46597729,0,0,0,0,0,0,54.325907289999996,54.325907289999996,0,0,0,3499.79188458,-5.67263541,-72.22352484000001,3421.89572433,0,3421.89572433,0,0,0,0,16.51386904,11.06810601,8.33106314,0,77.44349948,1.07644611,0,0,4467.36157236,777.91521867,777.91521867,0,0,0,0,0,3643.60304617,0,0,0,0,0,0,0,0,0,9.361287039999999,9.10747003,0,0,0,0,0,0,0,27.37455045,0,2361.53089689,2147.018,2109.518,0,37.5,0,0,214.51289688999998,35.50016333,179.01273356000002,0,0,0,0,0,0,0,0,0,2748.63496435,0,0,2700.28485301,0,0,0,0,48.350111340000005,0,0,98.33509087,36.23230211,0,0,0,0,0,0,57.844313799999995,0,0,0,0,0,0,0,0,0,4.25847496,0,45.217196439999995,5.018431980000001,0,35.43101968,0,0,0,0,0,0,0,0,0,4.51537949,0,0.25236529,0,0,0,53.11789443,-1.7885433400000001,54.906437770000004,5.03219548,0.25167642,0.11423609,-3.6881092599999996,38.37161685,17.74146681,0,17.74146681,0,17.74146681,0,17.74146681,0,0,17.74146681,,
Ualá,6289.212692,627.589488,0,3524.76288,0,1428.403067,2096.359813,300.057205,0,0,0,0,0,1118.213988,328.230602,774.103138,15.880248,87.52756,0,87.52756,0,173.679513,72.602802,99.707485,1.369226,0,1379.421061,0,-247.626155,1131.794906,0,1131.794906,0,229.60365,93.989773,0,168.069234,8.994797,10.653366,18.701165,171.922154,3.074074,0,0,5437.580571,5151.76228,2576.876974,2573.363515,2573.363515,0,0,1.521791,0,0,0,0,0,0,0,0,0,0,10.645465,240.201627,0,0,0,0,0,0,0,32.455677,2.515522,851.632121,5988.576879,3033.025327,0,2955.551552,0,0,-5136.944758,28.849436999999998,-5173.438758,7.644563,10.305435,0,0,-2.660872,0,0,0,0,4383.765378,0,110.32338,1738.308741,484.133891,32.349435,300.11236,0,287.668797,1430.868774,0,179.139635,10.87212,0,0,79.003469,8.165928,0,0,64.03602,16.425815,0.530744,0,0,0.105539,0,0,0,0,0,0,172.287194,46.515071,46.638974,0,0,0,0,0,0,0,0,0,79.123842,0,0,0.009307,0,0,0,6.852441,113.268451,-106.41601,44.917324,1.522592,1.049343,-17.917308,235.571896,-315.461139,0.653625,-314.807514,8.495731,-323.303245,0,-323.303245,0,-3.713375,-327.01662,,
KEB Hana México,5799.549549,116.253844,0,2207.515739,0,0,2207.515739,0,0,0,0,0,0,3430.957922,3430.957922,0,0,0,0,0,0,59.476842,59.476842,0,0,0,3490.434764,0,-77.390505,3413.044259,0,3413.044259,0,0.785402,0,0,20.2316,2.92746,10.225076,0,7.602919,20.96325,0,0,4019.983019,332.871795,10.049389,322.822406,322.822406,0,0,0,3629.108278,0,0,0,0,0,0,0,0,0,12.692428,40.119668,0,0,0,0,0,0,0,3.704556,1.486294,1779.56653,1666.828,1666.828,0,0,0,0,112.73853,5.91991,106.81862,0,0,0,0,0,0,0,0,0,5624.796969,0,0,96.616828,0,0,5525.110206,0,3.069935,0,0,91.76232,0.12801,0,0,40.169756,0,0,0,47.819054,0,0,0,0,0.444019,0,0,0,0,3.201481,0,40.49465,0,2.885324,37.410339,0,0,0,0,0,0,0,0,0,0,0,0.198987,0,0,0,51.26767,0.955496,50.312174,0,0.062037,-1.887445,-4.035316,32.733591,11.593785,0,11.593785,0,11.593785,0,11.593785,0,0,11.593785,,
Revolut Bank,5672.128467359999,2139.14591942,0,3454.9869756,0,3454.9869756,0,0,0,0,0,0,0,46.857016030000004,0,46.857016030000004,0,0.21582785000000002,0,0.21582785000000002,0,0.0075701300000000004,0,0.0075701300000000004,0,0,47.08041401,0,-11.90404626,35.17636775,0,35.17636775,0,17.87299929,0,0,15.18797807,5.48506723,4.27316,0,0,0,0,0,4400.45367111,3753.03527811,3753.03527811,0,0,0,0,0,0,0,0,0,0,0,0,0,0,0,4.756078,603.29022987,0,0,0,0,0,0,0,33.41381227,5.95827286,1271.67479625,1811.791055,1811.791055,0,0,0,0,-540.11625875,140.93022682,-680.5532114299999,-0.49327414,-0.49327414,0,0,0,0,0,0,0,662.0698889299999,0,0,662.0698889299999,0,0,0,0,0,0,0,43.13640446,27.84809756,0,0,15.146497160000001,0,0,0,0.11051153,0.00077972,0,0,0,0,0,0,0,0,0.030518490000000002,0,58.71766955,45.43193133,0,0,0,0,0,0,0,0,0,0,13.21605822,0,0,0.06968,0,0,0,-15.58126509,10.552487560000001,-26.133752649999998,11.64145011,4.22271241,4.42139614,-2.05488703,136.63782164,-152.98632748,0,-152.98632748,0,-152.98632748,0,-152.98632748,-0.45808176,0,-153.44440924,,
Intercam Banco,5365.22528,175.210574,0,2807.349002,2807.349002,0,0,0,0,0,0,0,0,55.834246,55.834246,0,0,0,0,0,0,592.165078,586.07197,6.093108,0,0,647.999324,0,-647.999324,0,0,0,0,839.087194,0,0,1005.352539,12.025729,0.797782,0,490.581339,34.821121,0,0,1147.993128,0,0,0,0,0,0,0,0,0,0,0,0,0,0,0,0,0,0.77597,1106.54415,0,0,0,0,0,0,0,40.673008,0,4217.232152,2502.731391,2502.731391,0,0,0,0,1714.500761,1005.032638,709.437539,0.030584,0,0,0,0.030584,0,0,0,0,19.414132,0,0.425758,0,0,0,0,0,18.988374,0,0,232.538613,41.347105,0,0,152.299917,0,0,0,2.940927,2.571103,33.266541,0,0,0.11302,0,0,0,0,0,0,0.059837,0.014641,0,0,0,0,0,0,0,0,0,0,0,0,0,0.045196,0,0,0,232.478776,-217.969755,450.448531,0.00019,3.325677,-34.863123,-59.291142,169.127182,183.841597,0,183.841597,68.820389,115.021208,0,115.021208,0,0,115.021208,,
Dondé Banco,3893.146376,896.174224,0,1072.602401,1072.602401,0,0,0,0,0,0,0,0,1369.49464,1369.49464,0,0,0.410476,0.410476,0,0,3.244675,3.244675,0,0,0,1373.149791,0,-8.947214,1364.202577,0,1364.202577,0,300.573477,0,0,18.124548,204.029265,0,18.731135,3.697768,15.010981,0,0,3374.672622,2855.681577,921.677066,1933.405788,879.691672,1053.714116,0,0.598723,0,0,204.693013,0,0,0,0,0,0,0,0,287.949535,0,0,0,0,0,0,0,26.348497,0,518.473754,944,460,0,484,0,0,-425.526246,2.140681,-428.308574,0.641647,0,0,0,0.641647,0,0,0,0,1351.405789,0,0,142,0,0,0,0,2.463645,1206.942144,0,58.528002,16.564679,0,0,0,2.627762,0,0,39.334359,0.001202,0,0,0,0,0,0,0,0,0,0,33.128436,6.227573,26.600749,0,0,0,0,0.300114,0,0,0,0,0,0,0,0,0,0,0,25.399566,-0.212659,25.612225,4.891551,3.863779,8.260215,-2.268486,30.081254,2.550472,0.654672,3.205144,2.143778,1.061366,0,1.061366,0,0,1.061366,,
Banco Bineo,3153.76056517,1139.7563093699998,0,0,0,0,0,0,0,0,0,0,0,0.66639784,0,0.66639784,0,0.0828078,0,0.0828078,0,0.21757544,0,0.21757544,0,0,0.96678108,0,-0.26918427,0.6975968100000001,0,0.6975968100000001,0,33.63508868,0,0,11.44347101,3.34886237,0,0,419.85778739999995,1545.02144953,0,0,166.52073267,21.04842527,21.04842527,0,0,0,0,0,0,0,0,0,0,0,0,0,0,0,0,116.65078434,0,0,0,0,0,0,0,28.81701404,0.004509020000000001,2987.2398325,4988.31494575,4178.51844571,0,805,4.79650004,0,-2001.07511325,9.99155775,-2011.45469991,0.38802890999999995,0,0,0,0.38802890999999995,0,0,0,0,9293.19441323,0,0,0,0,0,0,0,0.00566639,9293.18874684,0,17.504366190000002,17.43160743,0,0,0,0,0,0,0.06918069,0.00357807,0,0,0,0,0,0,0,0,0,0,0.1913154,0.18680463,0,0,0,0,0,0,0,0,0,0,0,0.004510770000000001,0,0,0,0,0,17.31305079,0.15345008,17.15960071,0.21418683,1.72447849,-0.08020194,3.56110499,225.61776005000002,-206.48754795,0,-206.48754795,-22.27553947,-184.21200847999998,0,-184.21200847999998,-0.01213674,0,-184.22414522,,
Credit Suisse,2153.479806,184.343991,0,1924.883278,1924.883278,0,0,0,0,0,0,0,0,0,0,0,0,0,0,0,0,0,0,0,0,0,0,0,0,0,0,0,0,16.93865,0,0,27.063886,0,0,0.250001,0,0,0,0,68.639205,0,0,0,0,0,0,0,0,0,0,0,0,0,0,0,0,0,0,41.131929,0,0,0,0,0,0,0,27.507276,0,2084.840601,3747.158695,3747.158695,0,0,0,0,-1662.318094,52.04701,-1720.114864,5.74976,0,0,0,5.74976,0,0,0,0,7780.433974,0,0,0,0,0,0,0,0,7780.433974,0,33.685262,0.308666,0,0,33.376596,0,0,0,0,0,0,0,0,0,0,0,0,0,0,0,0,0,0,0,0,0,0,0,0,0,0,0,0,0,0,0,0,0,0,33.685262,0,33.685262,13.29003,0.449519,-3.000353,30.507327,71.036631,2.996116,0,2.996116,0,2.996116,0,2.996116,0,0,2.996116,,
Banfeliz (antes Forjadores),1070.201379,290.7111,0,0,0,0,0,0,0,0,0,0,0,446.310422,0,446.310422,0,25.818916,0,25.818916,0,49.300031,0,49.300031,0,0,521.429369,20.90366,-68.64247,473.690559,0,473.690559,0,17.396931,4.12334,0,18.702974,41.88048,9.464223,0,214.231772,0,0,0,404.757431,348.800371,0,348.800371,348.800371,0,0,0,0,0,0,0,0,0,0,0,0,0,10.172611,40.286733,0,0,0,0,0,0,0,5.497716,0,665.443948,1093.26795,897.64795,0,195.62,0,0,-427.824002,6.39516,-432.851558,-1.367604,0,0,0,-1.367604,0,0,0,0,223.581321,0,0,0,0,0,0,0,4.99029,218.591031,0,96.138861,4.356329,0,0,0,0,0,0,87.509245,4.129751,0.143536,0,0,0,0,0,0,0,0,0,8.686308,0,8.478046,0,0,0,0,0,0,0,0,0,0,0,0,0.208262,0,0,0,87.452553,23.886391,63.566162,1.332922,2.145417,0,-0.060949,81.211011,-18.518293,0,-18.518293,-2.773514,-15.744779,0,-15.744779,0,0,-15.744779,,
Pagatodo,1063.623091,901.549556,0,0,0,0,0,0,0,0,0,0,0,0,0,0,0,0,0,0,0,0,0,0,0,0,0,0,0,0,0,0,0,39.589927,0,0,19.790325,98.414761,0,0,0.951217,3.327305,0,0,753.184838,60.832995,60.820605,0,0,0,0,0.01239,0,0,0,0,0,0,0,0,0,0,0,687.369078,0,0,0,0,0,0,0,4.982765,0,310.438253,738.3,690.3,0,48,0,0,-427.861747,2.197158,-427.67997,-2.378935,0,0,0,-2.378935,0,0,0,0,0,0,0,0,0,0,0,0,0,0,0,17.606708,17.606708,0,0,0,0,0,0,0,0,0,0,0,0,0,0,0,0,0,0,0,0,0,0,0,0,0,0,0,0,0,0,0,0,0,0,0,0,0,17.606708,0,17.606708,4.798655,1.392507,0,15.31692,41.474288,-5.144512,0,-5.144512,0,-5.144512,0,-5.144512,0,0,-5.144512,,
